user_id,name,phone_no,Password,created_at
1,Suresh,8445645882,jA9{|\?{4,2022-07-03 09:55:30
2,Sanjay,8565764878,cL2'F9{C,2022-05-10 18:45:10
3,Deepak,7181824004,yU6&icr?,2022-03-27 14:15:20
4,Kumar,7087972711,aD1+hY,2022-07-03 09:55:30
5,Kumar,7598087024,yI0<gTS8ems,2022-05-10 18:45:10
6,Arun,8732587197,fN0`4C#Z&{,2022-07-03 09:55:30
7,Deepak,7511246749,rU3+NAjj,2022-01-15 08:30:45
8,Rajesh,7546884202,kF4~/O(1ZN!.,2022-09-22 22:10:05
9,Kumar,7087581805,lR9+5Q1l,2022-09-22 22:10:05
10,Prakash,7547602633,tT2~X5VS,2022-07-03 09:55:30
11,Deepak,9234531947,zO0#c<I,2022-05-10 18:45:10
12,Manoj,7115012872,"aI4>S""Y0sI5",2022-01-15 08:30:45
13,Ravi,8714335956,mU6.>5*,2022-05-10 18:45:10
14,Rajiv,8354795474,mY5(I5.px#,2022-07-03 09:55:30
15,Prakash,9429085565,yU9?p*R},2022-03-27 14:15:20
16,Anil,7865535866,"bP2\BGN|Fr,v",2022-05-10 18:45:10
17,Rajiv,7005284624,dF5`I`,2022-03-27 14:15:20
18,Ravi,9726261411,iH4$Jq}XwX5,2022-07-03 09:55:30
19,Harish,7403903164,"kU0""nmJ9g",2022-09-22 22:10:05
20,Rajiv,7761198658,aU0#(+HR5,2022-01-15 08:30:45
21,Ravi,9995636557,eM6<N&8j,2022-07-03 09:55:30
22,Manoj,9299791006,uA4>!7h,2022-09-22 22:10:05
23,Prakash,9186016275,vV5}Z9694,2022-09-22 22:10:05
24,Sunil,7800202651,"iC0""C2wy/As",2022-09-22 22:10:05
25,Arun,7466523476,rS6(_m~p/~t`,2022-01-15 08:30:45
26,Kumar,7293553646,"oL4$lRPk1s,",2022-03-27 14:15:20
27,Arun,9654208994,aY8_FcyZiMa,2022-01-15 08:30:45
28,Gopal,9883474188,oY8#||!_,2022-03-27 14:15:20
29,Rajiv,7834348923,nM0{Pued!,2022-03-27 14:15:20
30,Manoj,7740759361,fB8~Wb,2022-09-22 22:10:05
